"Enable / Disable","Service Name",Description,"Impact of Disabling"
"🟢 Enable",com.apple.cloudd,"A fundamental daemon for iCloud, responsible for syncing data between your Mac and iCloud.","Disabling this will break most iCloud functionality, including iCloud Drive, Photos, and app data syncing."
"🟢 Enable",com.apple.cloudpaird,"This service is likely involved in pairing and syncing settings for iCloud-aware devices.","Disabling it may affect the seamless setup and syncing of new Apple devices with your iCloud account."
"🟢 Enable",com.apple.cloudphotod,"Manages the syncing of your photo and video library with iCloud Photos.","Your photos and videos will no longer sync with iCloud, and you won't be able to access your iCloud Photo Library on your Mac."
"🟢 Enable",com.apple.CloudSettingsSyncAgent,"This agent is responsible for synchronizing various system and application settings via iCloud.","Disabling this will prevent settings from syncing across your Apple devices."
"🟢 Enable",com.apple.icloud.fmfd,"This service is the \"Find My Mac\" daemon, which is part of the Find My network.","Disabling it will prevent you from locating your Mac using the Find My app."
"🟢 Enable",com.apple.iCloudNotificationAgent,"This agent manages and displays notifications related to iCloud services.","You may not receive important notifications regarding your iCloud account or storage."
"🟢 Enable",com.apple.icloudmailagent,"This service is likely responsible for syncing your iCloud Mail account with the Mail app.","You may experience issues with sending, receiving, or syncing emails in your iCloud Mail account."
"🟢 Enable",com.apple.iCloudUserNotifications,"This service handles user-facing notifications that originate from iCloud.","Disabling this may suppress notifications related to iCloud features and status."
"🟢 Enable",com.apple.icloud.searchpartyuseragent,"This service is related to the Find My network's offline finding capabilities, which helps locate devices even when they are not connected to the internet.","The ability to find your Mac when it's offline will be impaired."
"🟢 Enable",com.apple.itunescloudd,"This daemon handles the synchronization of your music library with iCloud Music Library, part of Apple Music and iTunes Match.","Your music library will no longer sync across your devices via iCloud."
"🟢 Enable",com.apple.protectedcloudstorage.protectedcloudkeysyncing,"This service is responsible for securely syncing sensitive data, such as keychain passwords, with iCloud Keychain.","Disabling this will break iCloud Keychain syncing, and your passwords will not be available across your devices."
"🟢 Enable",com.apple.security.cloudkeychainproxy3,"A proxy service that facilitates communication for iCloud Keychain syncing.","This is another critical component for iCloud Keychain; disabling it will prevent password and credit card information from syncing."
