"Enable / DIsable","Service Name",Description,"Impact of Disabling"
"🟢 Enable",com.apple.avconferenced,"The daemon for AVConference, which provides the underlying framework for audio and video conferencing in applications like FaceTime and third-party communication apps.","FaceTime and other video conferencing applications may fail to function correctly."
"🔴 Disable",com.apple.BiomeAgent,"This service collects and manages on-device intelligence and context for features like Proactive suggestions and Siri's personalization.","Proactive suggestions and other personalized system features will be less effective or may not work at all."
"🔴 Disable",com.apple.biomesyncd,"This daemon is responsible for syncing the data collected by the Biome framework across your devices via iCloud.","Personalized experiences and suggestions will not be consistent across your Apple devices."
"🟢 Enable",com.apple.calaccessd,"This service provides access to calendar data for various applications and system services.","Apps that need to access your calendar data will not be able to, and calendar-related features may break."
"🟢 Enable",com.apple.CallHistoryPluginHelper,"A helper process that allows plugins to access and interact with the call history.","Features that rely on call history, such as in Continuity and third-party apps, may not work correctly."
"🟢 Enable",com.apple.chronod,"This service is responsible for managing and updating widgets on your desktop and in the Notification Center.","Widgets will likely not update or function correctly."
"🟢 Enable",com.apple.CommCenter-osx,"This is the OS X version of the Communications Center, which handles telephony and data connections.","Features related to cellular connectivity and handoff of calls between your iPhone and Mac will be affected."
"🟢 Enable",com.apple.ContextStoreAgent,"This agent is likely involved in storing and managing contextual information for the system to provide proactive suggestions.","The system's ability to offer relevant suggestions based on your usage patterns will be diminished."
"🟢 Enable",com.apple.CoreLocationAgent,"A central agent for Core Location services, providing location information to applications.","Apps will not be able to determine your location, affecting maps, weather, and other location-aware features."
"🟢 Enable",com.apple.dataaccess.dataaccessd,"This daemon facilitates data access for various applications, particularly for accounts in System Settings like Google, Yahoo, etc.","You may experience issues with syncing mail, contacts, and calendars from third-party accounts."
"🟢 Enable",com.apple.duetexpertd,"Part of the Duet Activity Scheduler, this service uses intelligence to predict user actions and optimize system performance and power consumption.","The system may be less efficient in managing background tasks and power, potentially leading to reduced performance or battery life."
"🟢 Enable",com.apple.familycircled,"This service is related to Family Sharing, managing the circle of family members and their shared services.","Family Sharing features, such as shared purchases and location sharing, will not work."
"🔴 Disable",com.apple.familycontrols.useragent,"The user agent for parental controls and Screen Time features.","You will not be able to manage or enforce parental controls or Screen Time settings."
"🟢 Enable",com.apple.familynotificationd,"This daemon handles notifications related to Family Sharing, such as purchase requests.","You will not receive notifications related to Family Sharing activities."
"🟢 Enable",com.apple.financed,"This daemon is related to financial services, likely supporting features within the Wallet and Apple Pay ecosystem.","Features related to Apple Pay, Apple Card, and other financial data in the Wallet app may not function correctly."
"🟢 Enable",com.apple.findmy.findmylocateagent,"An agent that assists the Find My application in locating your devices and friends.","The Find My app may not be able to locate your devices or display the locations of your friends and family."
"🟢 Enable",com.apple.followupd,"This service is likely responsible for managing follow-up notifications and reminders from various apps.","You may not receive follow-up notifications, such as for emails or messages."
"🔴 Disable",com.apple.gamed,"The daemon for Game Center, which manages leaderboards, achievements, and multiplayer functionality for games.","Game Center features will not be available in games that use it."
"🔴 Disable",com.apple.generativeexperiencesd,"This service is likely related to the new generative AI features in recent versions of macOS, supporting experiences powered by large language models.","Generative AI features within the operating system and Apple apps will not function."
"🔴 Disable",com.apple.geoanalyticsd,"This daemon is involved in collecting and processing geo-analytical data for improving Apple's services.","The system will not be able to contribute to the improvement of location-based services."
"🟢 Enable",com.apple.geodMachServiceBridge,"A service that likely acts as a bridge for geolocation services, allowing different parts of the system to access location data.","Disabling this could disrupt location services for various applications."
"🔴 Disable",com.apple.helpd,"The daemon that manages the built-in help system for macOS and its applications.","The Help Viewer and in-app help menus will not function."
"🟢 Enable",com.apple.homed,"The daemon for HomeKit, which manages and controls your smart home devices.","You will not be able to control your HomeKit devices from your Mac."
"🟢 Enable",com.apple.imagent,"A core agent for the Messages and FaceTime applications, handling account logins and new message notifications.","You will not be able to sign in to Messages or FaceTime, and you won't receive new message alerts."
"🟢 Enable",com.apple.imautomatichistorydeletionagent,"This agent automatically deletes old message history based on your settings in the Messages app.","Your message history will not be automatically deleted, which could lead to increased storage usage."
"🟢 Enable",com.apple.imtransferagent,"This service is responsible for handling file transfers within the Messages application.","You will not be able to send or receive files in Messages."
"🔴 Disable",com.apple.inputanalyticsd,"This daemon collects and analyzes data about your input devices (keyboard, mouse, trackpad) to improve their performance and for diagnostic purposes.","The system will no longer collect data to improve input device performance."
"🔴 Disable",com.apple.intelligenceflowd,"This service is likely part of the system's intelligence platform, managing the flow of data for proactive and personalized features.","The responsiveness and accuracy of intelligent system features may be negatively impacted."
"🔴 Disable",com.apple.intelligencecontextd,"A daemon that likely manages the contextual information used by the system's intelligence services.","The system's ability to provide context-aware suggestions and actions will be reduced."
"🔴 Disable",com.apple.intelligenceplatformd,"A core daemon for the on-device intelligence platform that powers many of the smart features in macOS.","Disabling this will likely break a wide range of intelligent features, including Proactive suggestions and Siri personalization."
"🔴 Disable",com.apple.knowledge-agent,"This agent works with the system's knowledge base to provide information for features like Spotlight and Siri Suggestions.","Spotlight and Siri Suggestions will be less informative and may not provide rich results."
"🔴 Disable",com.apple.knowledgeconstructiond,"This daemon is responsible for constructing the on-device knowledge graph from your personal data to power intelligent features.","The system's understanding of your personal context will be limited, affecting the quality of personalized suggestions."
"🔴 Disable",com.apple.ManagedClientAgent.enrollagent,"This agent is used for Mobile Device Management (MDM) enrollment, allowing organizations to manage their Macs.","You will not be able to enroll your Mac in an MDM solution."
"🟢 Enable",com.apple.Maps.pushdaemon,"This daemon handles push notifications for the Maps application, such as for transit alerts.","You will not receive push notifications from Apple Maps."
"🟢 Enable",com.apple.Maps.mapssyncd,"This service syncs your Maps data, such as saved locations and favorites, across your devices via iCloud.","Your Maps data will not be consistent across your Apple devices."
"🔴 Disable",com.apple.maps.destinationd,"This daemon is likely involved in managing and suggesting destinations in the Maps app based on your routines.","Proactive destination suggestions in Maps may not appear."
"🟢 Enable",com.apple.mediaanalysisd,"This service analyzes your media libraries (photos and videos) for object and scene recognition, powering features like Memories in Photos.","The Photos app will not be able to identify people, objects, and scenes in your photos, and Memories will not be created."
"🔴 Disable",com.apple.mediastream.mstreamd,"The daemon for My Photo Stream, a service that syncs your most recent photos across devices without using iCloud Photo Library.","My Photo Stream will no longer function."
"🟢 Enable",com.apple.naturallanguaged,"This service provides natural language processing capabilities to the system and applications.","Features that rely on understanding natural language, such as in Mail and Messages, may be affected."
"🔴 Disable",com.apple.navd,"This daemon is related to navigation services and likely provides turn-by-turn directions and traffic information to the Maps app.","Turn-by-turn navigation in Apple Maps may not work correctly."
"🔴 Disable",com.apple.newsd,"The daemon for the Apple News app, responsible for fetching new stories and updating your feed.","The Apple News app will not update with new content."
"🔴 Disable",com.apple.parsec-fbf,"A component of the Parsec framework that is related to feedback and analytics for Siri and Spotlight suggestions.","The system will no longer send feedback to Apple to improve the quality of Siri and Spotlight suggestions."
"🔴 Disable",com.apple.parsecd,"The main daemon for the Parsec framework, which powers Siri and Spotlight suggestions by fetching results from the web.","Siri and Spotlight will not be able to provide web-based suggestions and results."
"🟢 Enable",com.apple.passd,"The daemon for the Wallet app, managing your passes, tickets, and Apple Pay cards.","The Wallet app and Apple Pay will not function."
"🟢 Enable",com.apple.photoanalysisd,"A daemon that performs deep analysis of your photo library to identify people, objects, and scenes.","The search and organization features in the Photos app will be severely limited."
"🟢 Enable",com.apple.photolibraryd,"The main daemon for the Photos library, managing the database and assets of your photo collection.","The Photos app will not be able to open or manage your photo library."
"🟢 Enable",com.apple.progressd,"This service likely tracks and manages the progress of various system tasks, such as downloads and installations.","You may not see accurate progress indicators for various system operations."
"🟢 Enable",com.apple.quicklook,"The main service for Quick Look, which allows you to preview files without opening them.","The Quick Look feature (activated by pressing the spacebar on a file) will not work."
"🟢 Enable",com.apple.quicklook.ui.helper,"A helper process for the Quick Look user interface.","Disabling this will likely cause issues with the visual presentation of Quick Look previews."
"🟢 Enable",com.apple.quicklook.ThumbnailsAgent,"This agent is responsible for generating thumbnails for files that are displayed in the Finder and other applications.","The Finder will not be able to display file thumbnails, showing generic icons instead."
"🟢 Enable",com.apple.rapportd,"A system-level daemon for the Rapport framework, which facilitates communication and data transfer between nearby devices.","Features that rely on proximity, such as Handoff and Universal Clipboard, may not work reliably."
"🟢 Enable",com.apple.rapportd-user,"The user-level agent for the Rapport framework.","Similar to the system-level daemon, disabling this will impact features that depend on communication with nearby devices."
"🟢 Enable",com.apple.remindd,"The daemon for the Reminders app, responsible for managing your reminders and syncing them with iCloud.","The Reminders app will not function correctly, and your reminders will not sync."
"🟢 Enable",com.apple.replicatord,"This service is likely involved in replicating data for backup and syncing purposes.","Disabling it could potentially interfere with data consistency and backups."
"🔴 Disable",com.apple.routined,"This daemon is responsible for learning your frequently visited locations to provide proactive suggestions and improve location-based services.","The system will not be able to learn your significant locations, affecting features like proactive traffic alerts in Maps."
"🟢 Enable",com.apple.screensharing.agent,"The agent for the built-in screen sharing functionality of macOS.","You will not be able to share your screen or remotely control another Mac using the built-in screen sharing feature."
"🟢 Enable",com.apple.screensharing.menuextra,"This service manages the screen sharing icon and menu in the menu bar.","The screen sharing menu bar item will not be available."
"🟢 Enable",com.apple.screensharing.MessagesAgent,"This agent facilitates screen sharing sessions initiated through the Messages app.","You will not be able to start a screen sharing session from within a Messages conversation."
"🔴 Disable",com.apple.ScreenTimeAgent,"The agent for Screen Time, which tracks your usage and enforces limits that you set.","Screen Time will not be able to track your usage or enforce any configured limits."
"🟢 Enable",com.apple.SSInvitationAgent,"This service is likely related to handling invitations for services like screen sharing or other collaborative features.","You may not be able to receive or accept invitations for certain system features."
"🟢 Enable",com.apple.sharingd,"A central daemon for sharing services, including AirDrop, Handoff, and other continuity features.","Disabling this will break most of the continuity features that allow your Apple devices to work together seamlessly."
"🔴 Disable",com.apple.sidecar-hid-relay,"This service relays human interface device (HID) events, such as from an Apple Pencil, when using Sidecar.","You will not be able to use an Apple Pencil or other input devices on your iPad when it's being used as a second display for your Mac."
"🔴 Disable",com.apple.sidecar-relay,"The main relay service for Sidecar, which allows you to use your iPad as a second display for your Mac.","The Sidecar feature will not work."
"🔴 Disable",com.apple.macos.studentd,"This daemon is part of the Classroom app functionality, which is used in educational environments to manage student devices.","If you are not in an educational setting, disabling this is unlikely to have a noticeable impact. In a classroom environment, it will prevent the Mac from being managed by a teacher."
"🔴 Disable",com.apple.suggestd,"A core daemon for providing suggestions throughout the operating system, such as in Spotlight, Safari, and Look Up.","You will not receive proactive suggestions in various parts of macOS."
"🔴 Disable",com.apple.tipsd,"The daemon for the Tips app, which provides helpful hints and tricks for using macOS.","The Tips app and its related notifications will not function."
"🟢 Enable",com.apple.telephonyutilities.callservicesd,"This service provides underlying support for telephony-related features, including Continuity for making and receiving phone calls on your Mac.","You will not be able to make or receive cellular phone calls on your Mac via your iPhone."
"🔴 Disable",com.apple.TMHelperAgent,"A helper agent for Time Machine, which assists with backup scheduling and management.","Time Machine backups may not run automatically or may encounter errors."
"🟢 Enable",com.apple.triald,"This daemon is likely related to managing trial periods for software from the Mac App Store.","You may encounter issues with trial software obtained from the Mac App Store."
"🔴 Disable",com.apple.UsageTrackingAgent,"This agent is responsible for tracking application and system usage for features like Screen Time.","Screen Time and other usage-tracking features will not have accurate data."
"🔴 Disable",com.apple.videosubscriptionsd,"This daemon is likely related to managing subscriptions for video services within the TV app.","You may experience issues with managing your video subscriptions in the TV app."
"🟢 Enable",com.apple.watchlistd,"The daemon for the Stocks app, which manages your watchlist and fetches the latest stock data.","The Stocks app will not update with the latest financial information."
"🟢 Enable",com.apple.weatherd,"The daemon for the Weather app and widget, responsible for fetching and updating weather forecasts.","The Weather app and any weather widgets will not display current weather data."
